continent,total_litres_of_pure_alcohol
AF,3.0075471698113208
AS,2.1704545454545454
EU,8.617777777777778
OC,3.38125
SA,6.308333333333334
